{
  "sizes": [
    20,
    40,
    60,
    80,
    100,
    120,
    140
  ],
  "rl": [
    0.10390012230619439,
    0.038502572798343494,
    -0.02507334609705515,
    0.004105485286518407,
    0.007168666531940345,
    0.008517206026230432,
    0.009965971207864511
  ],
  "rl_refine": [
    -0.6227653736192635,
    -0.4054069276565658,
    -0.3262892414628375,
    -0.32244881304409373,
    -0.2759905392619677,
    -0.26648406425220783,
    -0.2471244123225877
  ],
  "sa": [
    -0.6943234592190949,
    -0.4865604963658202,
    -0.366114035370696,
    -0.3325818192800666,
    -0.3084939866494086,
    -0.27730987838273446,
    -0.24581388103113197
  ]
}