{
  "epoch": [
    1,
    2,
    3,
    4,
    5,
    6,
    7,
    8,
    9
  ],
  "mean_energy": [
    -0.65,
    -0.3333333333333333,
    -0.11666666666666667,
    3.6666666666666665,
    -1.5166666666666666,
    0.35,
    -1.4833333333333334,
    -3.0,
    3.1333333333333333
  ],
  "mean_return": [
    0.65,
    0.3333333333333333,
    0.11666666666666667,
    -3.6666666666666665,
    1.5166666666666666,
    -0.35,
    1.4833333333333334,
    3.0,
    -3.1333333333333333
  ],
  "policy_loss": [
    1.1820580704780392,
    0.05031229564920068,
    1.078358309403067,
    0.295547705857219,
    -0.5189940273635936,
    -0.2031618753759479,
    0.2525848755501405,
    -0.12890176885071913,
    -0.5120392070554146
  ],
  "value_loss": [
    118.93355515797933,
    98.88549200693767,
    82.42395006815592,
    90.30292015075683,
    84.062713209788,
    89.92512998580932,
    82.36116186777751,
    85.26739924748739,
    82.00645764668782
  ],
  "entropy": [
    -0.002201267880004328,
    -0.0028309588060134653,
    -0.0035180801583887477,
    -0.0021902461091137045,
    -0.0026349304663928633,
    -0.0009560615908212888,
    -0.000743691341813329,
    -0.00017577426827636395,
    -0.00029309324322019455
  ],
  "val_energy": [
    -3.0833333333333335,
    -3.5833333333333335,
    -3.5833333333333335,
    -3.75,
    -3.5833333333333335,
    -3.5833333333333335,
    -3.5833333333333335,
    -3.5833333333333335,
    -3.5833333333333335
  ]
}