{
  "epoch": [
    1,
    2,
    3,
    4,
    5,
    6,
    7,
    8,
    9,
    10,
    11,
    12,
    13,
    14,
    15,
    16,
    17,
    18,
    19,
    20,
    21,
    22,
    23,
    24,
    25,
    26,
    27,
    28,
    29,
    30
  ],
  "mean_energy": [
    1.2166666666666666,
    3.6166666666666667,
    -0.7333333333333333,
    -0.9833333333333333,
    -1.45,
    -0.8,
    0.3,
    -1.1666666666666667,
    -1.8166666666666667,
    0.5166666666666667,
    -0.03333333333333333,
    0.6333333333333333,
    2.6,
    -1.25,
    0.9666666666666667,
    -2.716666666666667,
    0.5,
    2.066666666666667,
    -2.216666666666667,
    -2.433333333333333,
    0.95,
    1.4,
    -0.4,
    1.95,
    -1.9333333333333333,
    0.5333333333333333,
    -2.2666666666666666,
    -2.0,
    2.3833333333333333,
    -1.4833333333333334
  ],
  "mean_return": [
    -1.2166666666666666,
    -3.6166666666666667,
    0.7333333333333333,
    0.9833333333333333,
    1.45,
    0.8,
    -0.3,
    1.1666666666666667,
    1.8166666666666667,
    -0.5166666666666667,
    0.03333333333333333,
    -0.6333333333333333,
    -2.6,
    1.25,
    -0.9666666666666667,
    2.716666666666667,
    -0.5,
    -2.066666666666667,
    2.216666666666667,
    2.433333333333333,
    -0.95,
    -1.4,
    0.4,
    -1.95,
    1.9333333333333333,
    -0.5333333333333333,
    2.2666666666666666,
    2.0,
    -2.3833333333333333,
    1.4833333333333334
  ]
}